{"lr": 9.514414414414413e-06, "data_time": 0.33100229501724243, "loss": 2.421697127819061, "loss_cls": 1.5491878032684325, "loss_bbox": 0.8725093126296997, "time": 0.9732922792434693, "epoch": 1, "memory": 6003, "step": 20}
{"lr": 1.952432432432433e-05, "data_time": 0.16595158576965333, "loss": 2.4238725900650024, "loss_cls": 1.5526347666978837, "loss_bbox": 0.8712378159165383, "time": 0.6287596762180329, "epoch": 1, "memory": 2826, "step": 40}
{"lr": 2.9534234234234224e-05, "data_time": 0.0007806110382080078, "loss": 2.427168836593628, "loss_cls": 1.5576582765579223, "loss_bbox": 0.8695105481147766, "time": 0.29361184120178224, "epoch": 1, "memory": 2868, "step": 60}
{"lr": 4.254711711711709e-05, "data_time": 0.002371683120727539, "loss": 2.4414277362823484, "loss_cls": 1.5937078499794006, "loss_bbox": 0.8477198815345764, "time": 0.31119890689849855, "epoch": 2, "memory": 3427, "step": 86}
{"lr": 5.255702702702694e-05, "data_time": 0.002371664047241211, "loss": 2.42548463344574, "loss_cls": 1.582052273750305, "loss_bbox": 0.8434323573112488, "time": 0.30398078441619875, "epoch": 2, "memory": 2855, "step": 106}
{"lr": 6.256693693693685e-05, "data_time": 0.0007603263854980469, "loss": 2.4201363277435304, "loss_cls": 1.592025430202484, "loss_bbox": 0.8281109023094178, "time": 0.26883955955505373, "epoch": 2, "memory": 2851, "step": 126}
{"lr": 7.557981981981973e-05, "data_time": 0.002220134735107422, "loss": 2.3786077737808227, "loss_cls": 1.562128791809082, "loss_bbox": 0.8164789938926696, "time": 0.26955284595489504, "epoch": 3, "memory": 2855, "step": 152}
{"lr": 8.558972972972963e-05, "data_time": 0.0022400808334350586, "loss": 2.3099923849105837, "loss_cls": 1.5302263593673706, "loss_bbox": 0.7797660303115844, "time": 0.2797646331787109, "epoch": 3, "memory": 2891, "step": 172}
{"lr": 9.559963963963952e-05, "data_time": 0.0008003520965576172, "loss": 2.1227023458480834, "loss_cls": 1.3871404337882995, "loss_bbox": 0.7355619180202484, "time": 0.29354348659515384, "epoch": 3, "memory": 2842, "step": 192}
{"lr": 0.00010861252252252241, "data_time": 0.0024603271484375, "loss": 1.7885137462615968, "loss_cls": 1.0979382479190827, "loss_bbox": 0.6905755007266998, "time": 0.27824337005615235, "epoch": 4, "memory": 2842, "step": 218}
{"lr": 0.00011862243243243229, "data_time": 0.0024604225158691407, "loss": 1.5632313442230226, "loss_cls": 0.9028466737270355, "loss_bbox": 0.6603846740722656, "time": 0.27510193347930906, "epoch": 4, "memory": 2882, "step": 238}
{"lr": 0.00012863234234234208, "data_time": 0.0007204198837280273, "loss": 1.4034633469581603, "loss_cls": 0.7664009261131287, "loss_bbox": 0.6370624208450317, "time": 0.2789822196960449, "epoch": 4, "memory": 2851, "step": 258}
{"lr": 0.00014164522522522495, "data_time": 0.002340373992919922, "loss": 1.24479816198349, "loss_cls": 0.6395486199855804, "loss_bbox": 0.6052495431900025, "time": 0.2655445861816406, "epoch": 5, "memory": 2862, "step": 284}
{"lr": 0.00015165513513513471, "data_time": 0.002340388298034668, "loss": 1.1854081320762635, "loss_cls": 0.6017758232355118, "loss_bbox": 0.5836323130130768, "time": 0.2593986988067627, "epoch": 5, "memory": 2837, "step": 304}
{"lr": 0.00016166504504504454, "data_time": 0.0008803415298461914, "loss": 1.1566066479682922, "loss_cls": 0.5760673040151596, "loss_bbox": 0.5805393433570862, "time": 0.2588572597503662, "epoch": 5, "memory": 2868, "step": 324}
{"lr": 0.00017467792792792746, "data_time": 0.0021202564239501953, "loss": 1.1380427372455597, "loss_cls": 0.561151179075241, "loss_bbox": 0.576891553401947, "time": 0.26665453433990477, "epoch": 6, "memory": 2842, "step": 350}
{"lr": 0.00018468783783783733, "data_time": 0.002060394287109375, "loss": 1.094171299934387, "loss_cls": 0.5369829708337783, "loss_bbox": 0.5571883273124695, "time": 0.275349063873291, "epoch": 6, "memory": 2837, "step": 370}
{"lr": 0.00019469774774774715, "data_time": 0.00080047607421875, "loss": 1.0575121605396272, "loss_cls": 0.5173524999618531, "loss_bbox": 0.5401596611738205, "time": 0.29822134494781494, "epoch": 6, "memory": 2848, "step": 390}
